<?xml version="1.0" encoding="utf-8" ?>
<dwsync>
<file name="Banner1.png" server="files.000webhost.com/public_html/" local="131993951753328021" remote="131995833600000000" Dst="1" />
<file name="Banner2.png" server="files.000webhost.com/public_html/" local="131993951754109276" remote="131995833600000000" Dst="1" />
<file name="Banner3.jpg" server="files.000webhost.com/public_html/" local="131992165832629618" remote="131995833600000000" Dst="1" />
<file name="Fundo.png" server="files.000webhost.com/public_html/" local="131995702986304158" remote="131995833600000000" Dst="1" />
<file name="Galeria.png" server="files.000webhost.com/public_html/" local="131993881480656174" remote="131995833600000000" Dst="1" />
<file name="logo.png" server="files.000webhost.com/public_html/" local="131988073020000000" remote="131988165000000000" Dst="0" />
<file name="LogoRodape.png" server="files.000webhost.com/public_html/" local="131993881484233776" remote="131995833600000000" Dst="1" />
<file name="Magnus.png" server="files.000webhost.com/public_html/" local="131995702990679186" remote="131995833600000000" Dst="1" />
<file name="Pata Fundo.png" server="files.000webhost.com/public_html/" local="131993881485994726" remote="131995833600000000" Dst="1" />
<file name="PataFundo.png" server="files.000webhost.com/public_html/" local="131992165842668254" remote="131995833600000000" Dst="1" />
<file name="PataFuntoTeste2.png" server="files.000webhost.com/public_html/" local="131993881486924878" remote="131995833600000000" Dst="1" />
<file name="PataFundoTeste.png" server="files.000webhost.com/public_html/" local="131993881486612090" remote="131995833600000000" Dst="1" />
<file name="PataTeste.png" server="files.000webhost.com/public_html/" local="131992165843449319" remote="131995833600000000" Dst="1" />
<file name="Pedigree-Logo.jpg" server="files.000webhost.com/public_html/" local="131995702992241696" remote="131995833600000000" Dst="1" />
<file name="galeria.png" server="files.000webhost.com/public_html/" local="131986976629174742" remote="131988050400000000" Dst="1" />
<file name="Acess1-.jpg" server="files.000webhost.com/public_html/" local="131993881472470162" remote="131995833600000000" Dst="1" />
<file name="cat.png" server="files.000webhost.com/public_html/" local="131993881474659630" remote="131995833000000000" Dst="1" />
<file name="Cat1.jpg" server="files.000webhost.com/public_html/" local="131995702984585397" remote="131995833600000000" Dst="1" />
<file name="CatAcess1.png" server="files.000webhost.com/public_html/" local="131995701586763951" remote="131995833000000000" Dst="1" />
<file name="CatAcess2.png" server="files.000webhost.com/public_html/" local="131995701587232704" remote="131995833000000000" Dst="1" />
<file name="CatAcess3.png" server="files.000webhost.com/public_html/" local="131995701587701457" remote="131995833000000000" Dst="1" />
<file name="CatAcess4.png" server="files.000webhost.com/public_html/" local="131995701588170210" remote="131995833000000000" Dst="1" />
<file name="Curiosidades.jpg" server="files.000webhost.com/public_html/" local="131995702985054150" remote="131995833600000000" Dst="1" />
<file name="dog.png" server="files.000webhost.com/public_html/" local="131993881476713025" remote="131995833000000000" Dst="1" />
<file name="DogAcess.jpg" server="files.000webhost.com/public_html/" local="131995702985835405" remote="131995833000000000" Dst="1" />
<file name="Dog1.jpg" server="files.000webhost.com/public_html/" local="131995702985522903" remote="131995833600000000" Dst="1" />
<file name="Estrela.png" server="files.000webhost.com/public_html/" local="131993928923191233" remote="131995833600000000" Dst="1" />
<file name="FundoAcess.png" server="files.000webhost.com/public_html/" local="131995702987710417" remote="131995833600000000" Dst="1" />
<file name="FundoAcess1.png" server="files.000webhost.com/public_html/" local="131995702988179170" remote="131995833600000000" Dst="1" />
<file name="FundoAcess3.png" server="files.000webhost.com/public_html/" local="131995702989116676" remote="131995833600000000" Dst="1" />
<file name="FundoCurio.png" server="files.000webhost.com/public_html/" local="131995702989585429" remote="131995833600000000" Dst="1" />
<file name="FundoAcess2.png" server="files.000webhost.com/public_html/" local="131995702988647923" remote="131995833600000000" Dst="1" />
<file name="Logo.png" server="files.000webhost.com/public_html/" local="131993881483764605" remote="131995833600000000" Dst="1" />
<file name="logoZe.png" server="files.000webhost.com/public_html/" local="131993881484390170" remote="131995833600000000" Dst="1" />
<file name="NovoLogo.png" server="files.000webhost.com/public_html/" local="131993881485212773" remote="131995833600000000" Dst="1" />
<file name="NovoLogo1.png" server="files.000webhost.com/public_html/" local="131992165841887184" remote="131995833600000000" Dst="1" />
<file name="Pass1.jpg" server="files.000webhost.com/public_html/" local="131995702991772943" remote="131995833600000000" Dst="1" />
<file name="sobre-araponga2.jpg" server="files.000webhost.com/public_html/" local="131995702992866700" remote="131995833600000000" Dst="1" />
<file name="Fundo1.png" server="files.000webhost.com/public_html/" local="131995702986772911" remote="131995833600000000" Dst="1" />
<file name="Fundo2.png" server="files.000webhost.com/public_html/" local="131995702987241664" remote="131995833600000000" Dst="1" />
<file name="Banner3.png" server="files.000webhost.com/public_html/" local="131993951754890531" remote="131995833600000000" Dst="1" />
<file name="Banner5.png" server="files.000webhost.com/public_html/" local="131993951756453041" remote="131995833600000000" Dst="1" />
<file name="Banner4.png" server="files.000webhost.com/public_html/" local="131993951755671786" remote="131995833600000000" Dst="1" />
<file name="HamAcess.jpg" server="files.000webhost.com/public_html/" local="131995703832559574" remote="131995833600000000" Dst="1" />
<file name="HamAcess2.jpg" server="files.000webhost.com/public_html/" local="131995703833340829" remote="131995833600000000" Dst="1" />
<file name="HamAcess4.jpg" server="files.000webhost.com/public_html/" local="131995703834434586" remote="131995833600000000" Dst="1" />
<file name="HamAcess5.jpg" server="files.000webhost.com/public_html/" local="131995703834903339" remote="131995833600000000" Dst="1" />
<file name="HamAcess3.jpg" server="files.000webhost.com/public_html/" local="131995703833965833" remote="131995833600000000" Dst="1" />
<file name="HamAcess6.jpg" server="files.000webhost.com/public_html/" local="131995703835372092" remote="131995833600000000" Dst="1" />
<file name="hamster.png" server="files.000webhost.com/public_html/" local="131995702989897931" remote="131995833600000000" Dst="1" />
<file name="HamAcess7.jpg" server="files.000webhost.com/public_html/" local="131995703835997096" remote="131995833600000000" Dst="1" />
<file name="pas.png" server="files.000webhost.com/public_html/" local="131995702991147939" remote="131995833000000000" Dst="1" />
<file name="PassAcess.jpg" server="files.000webhost.com/public_html/" local="131995700397850092" remote="131995833000000000" Dst="1" />
<file name="PassAcess2.jpg" server="files.000webhost.com/public_html/" local="131995700398318845" remote="131995833600000000" Dst="1" />
<file name="PassAcess3.jpg" server="files.000webhost.com/public_html/" local="131995700398787598" remote="131995833600000000" Dst="1" />
<file name="PassAcess5.jpg" server="files.000webhost.com/public_html/" local="131995700399725104" remote="131995833600000000" Dst="1" />
<file name="PassAcess4.jpg" server="files.000webhost.com/public_html/" local="131995700399256351" remote="131995833600000000" Dst="1" />
<file name="PassAcess6.jpg" server="files.000webhost.com/public_html/" local="131995700400193857" remote="131995833600000000" Dst="1" />
</dwsync>