<?xml version="1.0" encoding="utf-8" ?>
<dwsync>
<file name="ajax-loader.gif" server="files.000webhost.com/public_html/" local="131988698284972020" remote="131995833600000000" Dst="1" />
<file name="acess.php" server="files.000webhost.com/public_html/" local="131995686271496497" remote="131995833000000000" Dst="1" />
<file name="acessorios.php" server="files.000webhost.com/public_html/" local="131995649249262242" remote="131995833600000000" Dst="1" />
<file name="banner.php" server="files.000webhost.com/public_html/" local="131994783317663258" remote="131995833600000000" Dst="1" />
<file name="cachorro.php" server="files.000webhost.com/public_html/" local="131994813738242878" remote="131995833600000000" Dst="1" />
<file name="contato.php" server="files.000webhost.com/public_html/" local="131994816079520096" remote="131995833600000000" Dst="1" />
<file name="cat-acess.php" server="files.000webhost.com/public_html/" local="131994787298664063" remote="131995833600000000" Dst="1" />
<file name="curiosidades.php" server="files.000webhost.com/public_html/" local="131994789493157640" remote="131995833600000000" Dst="1" />
<file name="dog-acess.php" server="files.000webhost.com/public_html/" local="131994786868090270" remote="131995833600000000" Dst="1" />
<file name="galeria.php" server="files.000webhost.com/public_html/" local="131994791764762643" remote="131995833600000000" Dst="1" />
<file name="gato.php" server="files.000webhost.com/public_html/" local="131994825720657604" remote="131995833600000000" Dst="1" />
<file name="home.php" server="files.000webhost.com/public_html/" local="131994779726009031" remote="131995833600000000" Dst="1" />
<file name="index-mod.html" server="files.000webhost.com/public_html/" local="131994756027496560" remote="131995833600000000" Dst="1" />
<file name="index.php" server="files.000webhost.com/public_html/" local="131995616469979960" remote="131995833600000000" Dst="1" />
<file name="menu.php" server="files.000webhost.com/public_html/" local="131994815624513595" remote="131995833600000000" Dst="1" />
<file name="noticias.php" server="files.000webhost.com/public_html/" local="131994784095153832" remote="131995833600000000" Dst="1" />
<file name="outros.php" server="files.000webhost.com/public_html/" local="131994814709723159" remote="131995833600000000" Dst="1" />
<file name="rodape.php" server="files.000webhost.com/public_html/" local="131994834781748072" remote="131995833600000000" Dst="1" />
<file name="servico.php" server="files.000webhost.com/public_html/" local="131994796573654113" remote="131995833600000000" Dst="1" />
<file name="sobre-nos.php" server="files.000webhost.com/public_html/" local="131995625817250427" remote="131995833600000000" Dst="1" />
<file name="sobre-nos2.php" server="files.000webhost.com/public_html/" local="131995625728886773" remote="131995833600000000" Dst="1" />
<file name="sobre.php" server="files.000webhost.com/public_html/" local="131995625949476919" remote="131995833600000000" Dst="1" />
</dwsync>