<?xml version="1.0" encoding="utf-8" ?>
<dwsync>
<file name="bird (1).svg" server="files.000webhost.com/public_html/" local="131993881491303811" remote="131995833600000000" Dst="1" />
<file name="Acessorios.svg" server="files.000webhost.com/public_html/" local="131993881491147414" remote="131995833600000000" Dst="1" />
<file name="Contato.svg" server="files.000webhost.com/public_html/" local="131993881491859158" remote="131995833600000000" Dst="1" />
<file name="cat.svg" server="files.000webhost.com/public_html/" local="131993881491629522" remote="131995833600000000" Dst="1" />
<file name="Fone.svg" server="files.000webhost.com/public_html/" local="131993881492567487" remote="131995833600000000" Dst="1" />
<file name="Dog.svg" server="files.000webhost.com/public_html/" local="131993881492098302" remote="131995833600000000" Dst="1" />
<file name="Home.svg" server="files.000webhost.com/public_html/" local="131993881492723864" remote="131995833600000000" Dst="1" />
<file name="Outros.svg" server="files.000webhost.com/public_html/" local="131993881493193041" remote="131995833600000000" Dst="1" />
<file name="Servico.svg" server="files.000webhost.com/public_html/" local="131993881493349429" remote="131995833600000000" Dst="1" />
<file name="Sobre.svg" server="files.000webhost.com/public_html/" local="131993881493662208" remote="131995833600000000" Dst="1" />
<file name="sobre.svg" server="files.000webhost.com/public_html/" local="131986346700000000" remote="131986501200000000" Dst="0" />
<file name="lampada.svg" server="files.000webhost.com/public_html/" local="131993881493036646" remote="131995833600000000" Dst="1" />
<file name="face.svg" server="files.000webhost.com/public_html/" local="131933196154904070" remote="131995833600000000" Dst="1" />
<file name="insta.svg" server="files.000webhost.com/public_html/" local="131992165839986751" remote="131995833600000000" Dst="1" />
<file name="twitter.svg" server="files.000webhost.com/public_html/" local="131992165847692325" remote="131995833600000000" Dst="1" />
<file name="whatsapp.svg" server="files.000webhost.com/public_html/" local="131994754482317878" remote="131995833600000000" Dst="1" />
</dwsync>